user_id,name,profile_img,gender,enable_status,user_type,create_time,last_edit_time
1,Wow,NULL,男,0,2,"2026-03-25 09:46:06","2026-03-25 09:46:06"
2,Alex,NULL,男,0,2,"2026-03-26 12:00:00","2026-03-26 12:00:00"
3,"Alex Chen",NULL,M,0,2,"2026-03-26 12:00:00","2026-03-26 12:00:00"
4,"Emma Wang",NULL,F,0,2,"2026-03-26 12:00:00","2026-03-26 12:00:00"
5,"David Li",NULL,M,0,2,"2026-03-26 12:00:00","2026-03-26 12:00:00"
6,测试用户1,NULL,1,1,1,"2026-06-22 11:18:20","2026-06-22 11:18:20"
7,测试用户2,NULL,1,1,1,"2026-06-22 11:18:20","2026-06-22 11:18:20"
8,测试用户3,NULL,1,1,1,"2026-06-22 11:18:20","2026-06-22 11:18:20"
9,测试用户4,NULL,1,1,1,"2026-06-22 11:18:20","2026-06-22 11:18:20"
10,测试用户5,NULL,1,1,1,"2026-06-22 11:18:21","2026-06-22 11:18:21"
11,测试用户6,NULL,1,1,1,"2026-06-22 11:18:21","2026-06-22 11:18:21"
12,测试用户7,NULL,1,1,1,"2026-06-22 11:18:21","2026-06-22 11:18:21"
13,测试用户8,NULL,1,1,1,"2026-06-22 11:18:21","2026-06-22 11:18:21"
14,测试用户9,NULL,1,1,1,"2026-06-22 11:18:21","2026-06-22 11:18:21"
15,测试用户10,NULL,1,1,1,"2026-06-22 11:18:21","2026-06-22 11:18:21"
16,测试用户11,NULL,1,1,1,"2026-06-22 11:18:21","2026-06-22 11:18:21"
17,测试用户12,NULL,1,1,1,"2026-06-22 11:18:21","2026-06-22 11:18:21"
18,测试用户13,NULL,1,1,1,"2026-06-22 11:18:21","2026-06-22 11:18:21"
19,测试用户14,NULL,1,1,1,"2026-06-22 11:18:21","2026-06-22 11:18:21"
20,测试用户15,NULL,1,1,1,"2026-06-22 11:18:21","2026-06-22 11:18:21"
21,测试用户16,NULL,1,1,1,"2026-06-22 11:18:21","2026-06-22 11:18:21"
22,测试用户17,NULL,1,1,1,"2026-06-22 11:18:21","2026-06-22 11:18:21"
23,测试用户18,NULL,1,1,1,"2026-06-22 11:18:21","2026-06-22 11:18:21"
24,测试用户19,NULL,1,1,1,"2026-06-22 11:18:21","2026-06-22 11:18:21"
25,测试用户20,NULL,1,1,1,"2026-06-22 11:18:21","2026-06-22 11:18:21"
26,测试用户21,NULL,1,1,1,"2026-06-22 11:18:21","2026-06-22 11:18:21"
27,测试用户22,NULL,1,1,1,"2026-06-22 11:18:21","2026-06-22 11:18:21"
28,测试用户23,NULL,1,1,1,"2026-06-22 11:18:21","2026-06-22 11:18:21"
29,测试用户24,NULL,1,1,1,"2026-06-22 11:18:21","2026-06-22 11:18:21"
30,测试用户25,NULL,1,1,1,"2026-06-22 11:18:21","2026-06-22 11:18:21"
31,测试用户26,NULL,1,1,1,"2026-06-22 11:18:21","2026-06-22 11:18:21"
32,测试用户27,NULL,1,1,1,"2026-06-22 11:18:21","2026-06-22 11:18:21"
33,测试用户28,NULL,1,1,1,"2026-06-22 11:18:21","2026-06-22 11:18:21"
34,测试用户29,NULL,1,1,1,"2026-06-22 11:18:21","2026-06-22 11:18:21"
35,测试用户30,NULL,1,1,1,"2026-06-22 11:18:21","2026-06-22 11:18:21"
36,测试用户31,NULL,1,1,1,"2026-06-22 11:18:21","2026-06-22 11:18:21"
37,测试用户32,NULL,1,1,1,"2026-06-22 11:18:21","2026-06-22 11:18:21"
38,测试用户33,NULL,1,1,1,"2026-06-22 11:18:21","2026-06-22 11:18:21"
39,测试用户34,NULL,1,1,1,"2026-06-22 11:18:21","2026-06-22 11:18:21"
40,测试用户35,NULL,1,1,1,"2026-06-22 11:18:21","2026-06-22 11:18:21"
41,测试用户36,NULL,1,1,1,"2026-06-22 11:18:21","2026-06-22 11:18:21"
42,测试用户37,NULL,1,1,1,"2026-06-22 11:18:21","2026-06-22 11:18:21"
43,测试用户38,NULL,1,1,1,"2026-06-22 11:18:21","2026-06-22 11:18:21"
44,测试用户39,NULL,1,1,1,"2026-06-22 11:18:21","2026-06-22 11:18:21"
45,测试用户40,NULL,1,1,1,"2026-06-22 11:18:21","2026-06-22 11:18:21"
46,测试用户41,NULL,1,1,1,"2026-06-22 11:18:21","2026-06-22 11:18:21"
47,测试用户42,NULL,1,1,1,"2026-06-22 11:18:21","2026-06-22 11:18:21"
48,测试用户43,NULL,1,1,1,"2026-06-22 11:18:21","2026-06-22 11:18:21"
49,测试用户44,NULL,1,1,1,"2026-06-22 11:18:21","2026-06-22 11:18:21"
50,测试用户45,NULL,1,1,1,"2026-06-22 11:18:21","2026-06-22 11:18:21"
51,测试用户46,NULL,1,1,1,"2026-06-22 11:18:21","2026-06-22 11:18:21"
52,测试用户47,NULL,1,1,1,"2026-06-22 11:18:21","2026-06-22 11:18:21"
53,测试用户48,NULL,1,1,1,"2026-06-22 11:18:21","2026-06-22 11:18:21"
54,测试用户49,NULL,1,1,1,"2026-06-22 11:18:21","2026-06-22 11:18:21"
55,测试用户50,NULL,1,1,1,"2026-06-22 11:18:21","2026-06-22 11:18:21"
56,测试用户51,NULL,1,1,1,"2026-06-22 11:18:21","2026-06-22 11:18:21"
57,测试用户52,NULL,1,1,1,"2026-06-22 11:18:21","2026-06-22 11:18:21"
58,测试用户53,NULL,1,1,1,"2026-06-22 11:18:21","2026-06-22 11:18:21"
59,测试用户54,NULL,1,1,1,"2026-06-22 11:18:21","2026-06-22 11:18:21"
60,测试用户55,NULL,1,1,1,"2026-06-22 11:18:21","2026-06-22 11:18:21"
61,测试用户56,NULL,1,1,1,"2026-06-22 11:18:21","2026-06-22 11:18:21"
62,测试用户57,NULL,1,1,1,"2026-06-22 11:18:21","2026-06-22 11:18:21"
63,测试用户58,NULL,1,1,1,"2026-06-22 11:18:21","2026-06-22 11:18:21"
64,测试用户59,NULL,1,1,1,"2026-06-22 11:18:21","2026-06-22 11:18:21"
65,测试用户60,NULL,1,1,1,"2026-06-22 11:18:21","2026-06-22 11:18:21"
66,测试用户61,NULL,1,1,1,"2026-06-22 11:18:21","2026-06-22 11:18:21"
67,测试用户62,NULL,1,1,1,"2026-06-22 11:18:21","2026-06-22 11:18:21"
68,测试用户63,NULL,1,1,1,"2026-06-22 11:18:21","2026-06-22 11:18:21"
69,测试用户64,NULL,1,1,1,"2026-06-22 11:18:21","2026-06-22 11:18:21"
70,测试用户65,NULL,1,1,1,"2026-06-22 11:18:21","2026-06-22 11:18:21"
71,测试用户66,NULL,1,1,1,"2026-06-22 11:18:21","2026-06-22 11:18:21"
72,测试用户67,NULL,1,1,1,"2026-06-22 11:18:21","2026-06-22 11:18:21"
73,测试用户68,NULL,1,1,1,"2026-06-22 11:18:21","2026-06-22 11:18:21"
74,测试用户69,NULL,1,1,1,"2026-06-22 11:18:21","2026-06-22 11:18:21"
75,测试用户70,NULL,1,1,1,"2026-06-22 11:18:21","2026-06-22 11:18:21"
76,测试用户71,NULL,1,1,1,"2026-06-22 11:18:21","2026-06-22 11:18:21"
77,测试用户72,NULL,1,1,1,"2026-06-22 11:18:21","2026-06-22 11:18:21"
78,测试用户73,NULL,1,1,1,"2026-06-22 11:18:21","2026-06-22 11:18:21"
79,测试用户74,NULL,1,1,1,"2026-06-22 11:18:21","2026-06-22 11:18:21"
80,测试用户75,NULL,1,1,1,"2026-06-22 11:18:21","2026-06-22 11:18:21"
81,测试用户76,NULL,1,1,1,"2026-06-22 11:18:21","2026-06-22 11:18:21"
82,测试用户77,NULL,1,1,1,"2026-06-22 11:18:21","2026-06-22 11:18:21"
83,测试用户78,NULL,1,1,1,"2026-06-22 11:18:21","2026-06-22 11:18:21"
84,测试用户79,NULL,1,1,1,"2026-06-22 11:18:21","2026-06-22 11:18:21"
85,测试用户80,NULL,1,1,1,"2026-06-22 11:18:21","2026-06-22 11:18:21"
86,测试用户81,NULL,1,1,1,"2026-06-22 11:18:21","2026-06-22 11:18:21"
87,测试用户82,NULL,1,1,1,"2026-06-22 11:18:21","2026-06-22 11:18:21"
88,测试用户83,NULL,1,1,1,"2026-06-22 11:18:21","2026-06-22 11:18:21"
89,测试用户84,NULL,1,1,1,"2026-06-22 11:18:21","2026-06-22 11:18:21"
90,测试用户85,NULL,1,1,1,"2026-06-22 11:18:21","2026-06-22 11:18:21"
91,测试用户86,NULL,1,1,1,"2026-06-22 11:18:21","2026-06-22 11:18:21"
92,测试用户87,NULL,1,1,1,"2026-06-22 11:18:21","2026-06-22 11:18:21"
93,测试用户88,NULL,1,1,1,"2026-06-22 11:18:21","2026-06-22 11:18:21"
94,测试用户89,NULL,1,1,1,"2026-06-22 11:18:21","2026-06-22 11:18:21"
95,测试用户90,NULL,1,1,1,"2026-06-22 11:18:21","2026-06-22 11:18:21"
96,测试用户91,NULL,1,1,1,"2026-06-22 11:18:21","2026-06-22 11:18:21"
97,测试用户92,NULL,1,1,1,"2026-06-22 11:18:21","2026-06-22 11:18:21"
98,测试用户93,NULL,1,1,1,"2026-06-22 11:18:21","2026-06-22 11:18:21"
99,测试用户94,NULL,1,1,1,"2026-06-22 11:18:21","2026-06-22 11:18:21"
100,测试用户95,NULL,1,1,1,"2026-06-22 11:18:21","2026-06-22 11:18:21"
101,测试用户96,NULL,1,1,1,"2026-06-22 11:18:21","2026-06-22 11:18:21"
102,测试用户97,NULL,1,1,1,"2026-06-22 11:18:21","2026-06-22 11:18:21"
103,测试用户98,NULL,1,1,1,"2026-06-22 11:18:21","2026-06-22 11:18:21"
104,测试用户99,NULL,1,1,1,"2026-06-22 11:18:21","2026-06-22 11:18:21"
105,测试用户100,NULL,1,1,1,"2026-06-22 11:18:21","2026-06-22 11:18:21"
